{"cameraMode":{"drawMode":0,"name":"Shaded","section":"Shading Mode"},"sceneLighting":false,"audioPlay":false,"sceneViewState":{"showFog":true,"showMaterialUpdate":false,"showSkybox":false,"showFlares":true,"showImageEffects":true,"showParticleSystems":true},"in2DMode":false,"pivot":{"x":-4.0123186111450199,"y":6.062122344970703,"z":28.29102897644043},"rotation":{"x":0.070149727165699,"y":-0.9007019400596619,"z":0.1586105078458786,"w":0.3983689546585083},"size":4.657884120941162,"orthographic":false}