{"cameraMode":{"drawMode":0,"name":"Shaded","section":"Shading Mode"},"sceneLighting":false,"audioPlay":false,"sceneViewState":{"showFog":true,"showMaterialUpdate":false,"showSkybox":false,"showFlares":true,"showImageEffects":true,"showParticleSystems":true},"in2DMode":false,"pivot":{"x":-15.11060905456543,"y":4.225641250610352,"z":3.4232232570648195},"rotation":{"x":0.11241033673286438,"y":-0.6762963533401489,"z":0.1055457592010498,"w":0.7203385233879089},"size":7.624503135681152,"orthographic":false}