{"cameraMode":{"drawMode":0,"name":"Shaded","section":"Shading Mode"},"sceneLighting":false,"audioPlay":false,"sceneViewState":{"showFog":true,"showMaterialUpdate":false,"showSkybox":false,"showFlares":true,"showImageEffects":true,"showParticleSystems":true},"in2DMode":false,"pivot":{"x":-54.72373580932617,"y":-15.695622444152832,"z":-39.24080276489258},"rotation":{"x":0.040973078459501269,"y":-0.936942994594574,"z":0.11755162477493286,"w":0.3266128599643707},"size":77.40560150146485,"orthographic":false}