{"cameraMode":{"drawMode":0,"name":"Shaded","section":"Shading Mode"},"sceneLighting":false,"audioPlay":false,"sceneViewState":{"showFog":true,"showMaterialUpdate":false,"showSkybox":false,"showFlares":true,"showImageEffects":true,"showParticleSystems":true},"in2DMode":false,"pivot":{"x":-0.5767807364463806,"y":6.3087382316589359,"z":8.950185775756836},"rotation":{"x":0.044098202139139178,"y":-0.8370212912559509,"z":0.06820689886808396,"w":0.5411465167999268},"size":4.657884120941162,"orthographic":false}